left,right,token_positional_agreement,token_5gram_jaccard,expert_jaccard
0,1,0.005859375,0.0,0.18931070963541669
0,2,0.001953125,0.0,0.17803955078125
0,3,0.001953125,0.0,0.18302408854166669
0,4,0.001953125,0.0,0.18446858723958334
0,5,0.001953125,0.0,0.17451985677083334
0,6,0.005859375,0.0,0.18522135416666666
0,7,0.005859375,0.0,0.18119303385416666
0,8,0.0078125,0.0,0.17728678385416666
0,9,0.005859375,0.0,0.18597412109375
0,10,0.001953125,0.0,0.18414306640625
0,11,0.005859375,0.0,0.18180338541666666
0,12,0.0078125,0.0,0.18300374348958331
0,13,0.013671875,0.0,0.18009440104166666
0,14,0.001953125,0.0,0.18556722005208331
0,15,0.005859375,0.0,0.18717447916666666
0,16,0.001953125,0.0,0.17557779947916666
0,17,0.005859375,0.0,0.18155924479166669
0,18,0.001953125,0.0,0.18375651041666666
0,19,0.001953125,0.0,0.18961588541666666
0,20,0.001953125,0.0,0.18697102864583331
0,21,0.009765625,0.0,0.18912760416666666
0,22,0.005859375,0.0,0.19187418619791666
0,23,0.005859375,0.0,0.18599446614583331
0,24,0.009765625,0.0,0.18876139322916669
0,25,0.00390625,0.0,0.18385823567708334
0,26,0.005859375,0.0,0.18699137369791666
0,27,0.0078125,0.0,0.18318684895833331
0,28,0.00390625,0.0,0.1806640625
0,29,0.0,0.0,0.1861572265625
0,30,0.0078125,0.0,0.18265787760416669
0,31,0.015625,0.0,0.18947347005208331
0,32,0.0078125,0.0,0.177978515625
0,33,0.01171875,0.0,0.18817138671875
0,34,0.00390625,0.0,0.1776123046875
0,35,0.01171875,0.0,0.19093831380208331
0,36,0.01171875,0.0,0.18715413411458331
0,37,0.00390625,0.0,0.18416341145833331
0,38,0.00390625,0.0,0.186767578125
0,39,0.01953125,0.0,0.18703206380208331
0,40,0.005859375,0.0,0.18833414713541666
0,41,0.005859375,0.0,0.18861897786458331
0,42,0.017578125,0.0,0.18754069010416663
0,43,0.005859375,0.0,0.18253580729166666
0,44,0.00390625,0.0,0.1842041015625
0,45,0.00390625,0.0,0.18471272786458331
0,46,0.00390625,0.0,0.18308512369791666
0,47,0.009765625,0.0,0.18605550130208331
1,2,0.001953125,0.008869179600886918,0.187744140625
1,3,0.005859375,0.0,0.17923990885416669
1,4,0.009765625,0.0,0.17950439453125
1,5,0.00390625,0.0,0.17901611328124997
1,6,0.005859375,0.0,0.173828125
1,7,0.009765625,0.0,0.17649332682291666
1,8,0.005859375,0.0,0.17938232421875
1,9,0.009765625,0.0,0.17989095052083331
1,10,0.0078125,0.0,0.18361409505208334
1,11,0.00390625,0.0,0.18245442708333331
1,12,0.009765625,0.0,0.18210856119791666
1,13,0.01171875,0.0,0.17510986328125
1,14,0.00390625,0.0,0.18131510416666666
1,15,0.00390625,0.0,0.18216959635416669
1,16,0.00390625,0.0,0.17669677734375
1,17,0.001953125,0.0,0.17622884114583331
1,18,0.005859375,0.0,0.18638102213541666
1,19,0.0078125,0.0,0.18658447265625
1,20,0.005859375,0.0,0.18149820963541663
1,21,0.00390625,0.0,0.17557779947916669
1,22,0.0078125,0.0,0.18544514973958331
1,23,0.00390625,0.0,0.1826171875
1,24,0.001953125,0.0,0.17561848958333331
1,25,0.009765625,0.0,0.18133544921875
1,26,0.00390625,0.0,0.1827392578125
1,27,0.013671875,0.0,0.18180338541666666
1,28,0.009765625,0.0,0.18025716145833334
1,29,0.0,0.0,0.18084716796875
1,30,0.009765625,0.0,0.17848714192708331
1,31,0.0078125,0.0,0.1834716796875
1,32,0.01171875,0.0,0.19020589192708331
1,33,0.0078125,0.0,0.17641194661458331
1,34,0.00390625,0.0,0.17795817057291666
1,35,0.009765625,0.0,0.18306477864583331
1,36,0.009765625,0.0,0.18192545572916666
1,37,0.0078125,0.0,0.17905680338541669
1,38,0.00390625,0.0,0.18170166015625
1,39,0.009765625,0.0,0.17751057942708331
1,40,0.005859375,0.0,0.18182373046875
1,41,0.0078125,0.0,0.18707275390625
1,42,0.017578125,0.0,0.18157958984375
1,43,0.0078125,0.0,0.18168131510416666
1,44,0.017578125,0.0,0.19000244140625
1,45,0.005859375,0.0,0.18959554036458331
1,46,0.0078125,0.0,0.18503824869791666
1,47,0.005859375,0.0,0.18137613932291666
2,3,0.00390625,0.0,0.17708333333333331
2,4,0.005859375,0.0,0.1741943359375
2,5,0.001953125,0.0,0.17409261067708331
2,6,0.001953125,0.0,0.18107096354166666
2,7,0.001953125,0.0,0.18475341796874997
2,8,0.00390625,0.0,0.1781005859375
2,9,0.0,0.0,0.18408203125
2,10,0.009765625,0.0,0.18593343098958331
2,11,0.00390625,0.0,0.17795817057291666
2,12,0.0,0.0,0.18361409505208331
2,13,0.0078125,0.0,0.18153889973958331
2,14,0.005859375,0.0,0.17917887369791669
2,15,0.0,0.0,0.18503824869791666
2,16,0.00390625,0.0,0.17624918619791666
2,17,0.005859375,0.0,0.1827392578125
2,18,0.005859375,0.0,0.17985026041666669
2,19,0.001953125,0.0,0.17926025390625
2,20,0.0,0.0,0.18056233723958331
2,21,0.00390625,0.0,0.1744384765625
2,22,0.00390625,0.0,0.18636067708333331
2,23,0.001953125,0.0,0.18605550130208334
2,24,0.00390625,0.0,0.18332926432291666
2,25,0.009765625,0.0,0.17919921875
2,26,0.0078125,0.0,0.18330891927083331
2,27,0.001953125,0.0,0.19403076171875
2,28,0.0,0.0,0.18184407552083331
2,29,0.005859375,0.0,0.18731689453125
2,30,0.001953125,0.0,0.18646240234375
2,31,0.00390625,0.0,0.18813069661458331
2,32,0.001953125,0.0,0.1826171875
2,33,0.001953125,0.0,0.1842041015625
2,34,0.005859375,0.0,0.1796875
2,35,0.0078125,0.0,0.18318684895833334
2,36,0.00390625,0.0,0.18271891276041666
2,37,0.00390625,0.0,0.18400065104166669
2,38,0.013671875,0.0,0.18937174479166669
2,39,0.001953125,0.0,0.17909749348958331
2,40,0.0,0.0,0.1864013671875
2,41,0.001953125,0.0,0.18398030598958331
2,42,0.00390625,0.0,0.18263753255208331
2,43,0.0078125,0.0,0.17488606770833331
2,44,0.0078125,0.0,0.18603515625
2,45,0.0,0.0,0.17547607421875
2,46,0.005859375,0.0,0.18548583984375
2,47,0.00390625,0.0,0.18223063151041666
3,4,0.009765625,0.0,0.19417317708333331
3,5,0.001953125,0.0010183299389002036,0.18719482421875
3,6,0.009765625,0.0,0.18900553385416669
3,7,0.0,0.0,0.193115234375
3,8,0.0078125,0.0,0.18924967447916666
3,9,0.00390625,0.0,0.1827392578125
3,10,0.013671875,0.0,0.19614664713541666
3,11,0.00390625,0.0,0.18939208984375
3,12,0.00390625,0.0,0.19559733072916666
3,13,0.01171875,0.0,0.1964111328125
3,14,0.0078125,0.0,0.18426513671875
3,15,0.0078125,0.0,0.18931070963541666
3,16,0.005859375,0.0,0.19276936848958331
3,17,0.001953125,0.0,0.18422444661458331
3,18,0.0078125,0.0,0.18345133463541666
3,19,0.00390625,0.0,0.18560791015625
3,20,0.0078125,0.0,0.18780517578125
3,21,0.009765625,0.0,0.18894449869791666
3,22,0.0078125,0.0,0.18983968098958331
3,23,0.005859375,0.0,0.18705240885416666
3,24,0.009765625,0.0,0.17844645182291669
3,25,0.0078125,0.0,0.18951416015625
3,26,0.001953125,0.0,0.18625895182291666
3,27,0.005859375,0.0,0.1842041015625
3,28,0.00390625,0.0,0.18878173828125
3,29,0.00390625,0.0,0.17989095052083331
3,30,0.0078125,0.0,0.18155924479166666
3,31,0.009765625,0.0,0.19069417317708331
3,32,0.0078125,0.0,0.17887369791666669
3,33,0.0078125,0.0,0.19146728515625
3,34,0.0078125,0.0,0.19268798828125
3,35,0.0078125,0.0,0.18245442708333331
3,36,0.001953125,0.0,0.18080647786458331
3,37,0.00390625,0.0,0.18353271484375
3,38,0.0078125,0.0,0.19002278645833331
3,39,0.0078125,0.0,0.19602457682291666
3,40,0.009765625,0.0,0.19167073567708331
3,41,0.00390625,0.0,0.18076578776041666
3,42,0.0078125,0.0,0.19508870442708331
3,43,0.0078125,0.0,0.19376627604166669
3,44,0.00390625,0.0,0.18450927734375
3,45,0.0,0.0,0.18011474609375
3,46,0.001953125,0.0,0.18223063151041666
3,47,0.005859375,0.0,0.18996175130208331
4,5,0.001953125,0.0009871668311944718,0.19993082682291666
4,6,0.001953125,0.0009881422924901185,0.19993082682291666
4,7,0.0078125,0.0009881422924901185,0.19464111328125
4,8,0.0078125,0.0,0.18306477864583331
4,9,0.00390625,0.0,0.17683919270833331
4,10,0.0078125,0.0,0.1849365234375
4,11,0.00390625,0.0,0.18115234375
4,12,0.005859375,0.0,0.1915283203125
4,13,0.001953125,0.0,0.19264729817708331
4,14,0.0078125,0.0,0.18660481770833331
4,15,0.005859375,0.0,0.18770345052083331
4,16,0.005859375,0.0,0.1971435546875
4,17,0.0,0.0,0.18336995442708331
4,18,0.01171875,0.0,0.18896484375
4,19,0.001953125,0.0,0.18562825520833331
4,20,0.013671875,0.0,0.19606526692708334
4,21,0.001953125,0.0,0.18434651692708331
4,22,0.001953125,0.0,0.1749267578125
4,23,0.00390625,0.0,0.17274983723958331
4,24,0.00390625,0.0,0.18080647786458331
4,25,0.001953125,0.0,0.18963623046875
4,26,0.001953125,0.0,0.18013509114583331
4,27,0.00390625,0.0,0.18245442708333331
4,28,0.005859375,0.0,0.18931070963541666
4,29,0.009765625,0.0,0.18404134114583331
4,30,0.0,0.0,0.18652343749999997
4,31,0.00390625,0.0,0.18393961588541669
4,32,0.01171875,0.0,0.191162109375
4,33,0.015625,0.0,0.19114176432291666
4,34,0.001953125,0.0,0.18910725911458331
4,35,0.0078125,0.0,0.18387858072916669
4,36,0.001953125,0.0,0.18894449869791666
4,37,0.009765625,0.0,0.18745930989583334
4,38,0.001953125,0.0,0.18412272135416669
4,39,0.009765625,0.0,0.1934814453125
4,40,0.005859375,0.0,0.18977864583333331
4,41,0.009765625,0.0,0.17848714192708331
4,42,0.005859375,0.0,0.18788655598958334
4,43,0.0,0.0,0.18892415364583331
4,44,0.01171875,0.0,0.190673828125
4,45,0.00390625,0.0,0.18204752604166666
4,46,0.005859375,0.0,0.19209798177083331
4,47,0.0078125,0.0,0.18756103515625
5,6,0.013671875,0.0009881422924901185,0.20383707682291666
5,7,0.0078125,0.0,0.1927490234375
5,8,0.00390625,0.0,0.18955485026041666
5,9,0.00390625,0.0,0.17771402994791666
5,10,0.0078125,0.0,0.18031819661458331
5,11,0.00390625,0.0,0.17826334635416666
5,12,0.00390625,0.0,0.1927490234375
5,13,0.0,0.0,0.18373616536458331
5,14,0.0,0.0,0.18629964192708331
5,15,0.00390625,0.0,0.18581136067708331
5,16,0.0,0.0,0.20430501302083331
5,17,0.0078125,0.0,0.18282063802083331
5,18,0.00390625,0.0,0.18766276041666666
5,19,0.0,0.0,0.182861328125
5,20,0.0078125,0.0,0.19529215494791663
5,21,0.009765625,0.0,0.1859130859375
5,22,0.01171875,0.0,0.19270833333333331
5,23,0.001953125,0.0,0.17425537109375
5,24,0.005859375,0.0,0.18601481119791666
5,25,0.0,0.0,0.18461100260416666
5,26,0.00390625,0.0,0.18223063151041666
5,27,0.0078125,0.0,0.18715413411458331
5,28,0.00390625,0.0,0.18033854166666669
5,29,0.0,0.0,0.18705240885416666
5,30,0.005859375,0.0,0.18212890625
5,31,0.005859375,0.0,0.18007405598958334
5,32,0.005859375,0.0,0.18625895182291666
5,33,0.009765625,0.0,0.193603515625
5,34,0.005859375,0.0,0.19222005208333331
5,35,0.005859375,0.0,0.18463134765625
5,36,0.001953125,0.0,0.18385823567708331
5,37,0.005859375,0.0,0.18208821614583334
5,38,0.0078125,0.0,0.19002278645833331
5,39,0.005859375,0.0,0.19614664713541669
5,40,0.005859375,0.0,0.17106119791666669
5,41,0.00390625,0.0,0.18174235026041666
5,42,0.00390625,0.0,0.18949381510416669
5,43,0.00390625,0.0,0.18963623046875
5,44,0.005859375,0.0,0.18931070963541666
5,45,0.005859375,0.0,0.17545572916666669
5,46,0.005859375,0.0,0.19405110677083331
5,47,0.01171875,0.0,0.18863932291666666
6,7,0.009765625,0.0,0.20951334635416666
6,8,0.009765625,0.0,0.19514973958333331
6,9,0.001953125,0.0,0.18662516276041666
6,10,0.001953125,0.0,0.17755126953125
6,11,0.005859375,0.0,0.19317626953125
6,12,0.0078125,0.0,0.18416341145833331
6,13,0.01171875,0.0,0.20206705729166666
6,14,0.00390625,0.0,0.17974853515625
6,15,0.001953125,0.0,0.18849690755208331
6,16,0.001953125,0.0,0.19285074869791663
6,17,0.001953125,0.0,0.18214925130208334
6,18,0.0078125,0.0,0.18931070963541666
6,19,0.001953125,0.0,0.18790690104166666
6,20,0.00390625,0.0,0.18202718098958331
6,21,0.005859375,0.0,0.18910725911458331
6,22,0.001953125,0.0,0.1839599609375
6,23,0.001953125,0.0,0.19460042317708331
6,24,0.001953125,0.0,0.181640625
6,25,0.0078125,0.0,0.18214925130208331
6,26,0.005859375,0.0,0.18658447265625
6,27,0.001953125,0.0,0.18882242838541666
6,28,0.00390625,0.0,0.18790690104166666
6,29,0.005859375,0.0,0.19008382161458331
6,30,0.005859375,0.0,0.18296305338541666
6,31,0.005859375,0.0,0.17561848958333331
6,32,0.005859375,0.0,0.18198649088541666
6,33,0.005859375,0.0,0.18703206380208331
6,34,0.001953125,0.0,0.19309488932291666
6,35,0.0078125,0.0,0.18625895182291666
6,36,0.00390625,0.0,0.18060302734375
6,37,0.001953125,0.0,0.18782552083333334
6,38,0.001953125,0.0,0.17860921223958331
6,39,0.005859375,0.0,0.19252522786458331
6,40,0.005859375,0.0,0.18656412760416666
6,41,0.00390625,0.0,0.18166097005208334
6,42,0.001953125,0.0,0.19553629557291663
6,43,0.005859375,0.0,0.18855794270833331
6,44,0.013671875,0.0,0.18979899088541663
6,45,0.005859375,0.0,0.17928059895833334
6,46,0.017578125,0.0,0.18544514973958334
6,47,0.0078125,0.0,0.19818115234375
7,8,0.001953125,0.0,0.20660400390624997
7,9,0.00390625,0.0,0.18155924479166666
7,10,0.00390625,0.0,0.17690022786458331
7,11,0.005859375,0.0,0.18870035807291666
7,12,0.005859375,0.0,0.19051106770833331
7,13,0.001953125,0.0,0.17923990885416666
7,14,0.001953125,0.0,0.17942301432291666
7,15,0.00390625,0.0,0.18988037109375
7,16,0.0078125,0.0,0.18477376302083331
7,17,0.009765625,0.0,0.18670654296875
7,18,0.001953125,0.0,0.18308512369791666
7,19,0.00390625,0.0,0.1802978515625
7,20,0.017578125,0.0,0.18345133463541669
7,21,0.0,0.0,0.18902587890625
7,22,0.00390625,0.0,0.19010416666666666
7,23,0.01171875,0.0,0.17828369140625
7,24,0.0078125,0.0,0.18310546875
7,25,0.0,0.0,0.17976888020833331
7,26,0.009765625,0.0,0.18210856119791666
7,27,0.009765625,0.0,0.18253580729166666
7,28,0.0078125,0.0,0.18186442057291669
7,29,0.00390625,0.0,0.19099934895833331
7,30,0.00390625,0.0,0.18998209635416669
7,31,0.0078125,0.0,0.17789713541666666
7,32,0.013671875,0.0,0.19028727213541663
7,33,0.005859375,0.0,0.191650390625
7,34,0.005859375,0.0,0.19423421223958331
7,35,0.001953125,0.0,0.18131510416666666
7,36,0.005859375,0.0,0.18560791015625
7,37,0.00390625,0.0,0.18343098958333331
7,38,0.0078125,0.0,0.1837158203125
7,39,0.01171875,0.0,0.18703206380208331
7,40,0.0078125,0.0,0.18784586588541666
7,41,0.0078125,0.0,0.18416341145833334
7,42,0.01171875,0.0,0.19252522786458334
7,43,0.0078125,0.0,0.18845621744791666
7,44,0.0078125,0.0,0.18723551432291669
7,45,0.0078125,0.0,0.18284098307291666
7,46,0.00390625,0.0,0.17954508463541666
7,47,0.00390625,0.0,0.1962890625
8,9,0.001953125,0.0,0.17791748046875
8,10,0.01171875,0.0,0.18253580729166666
8,11,0.01171875,0.0010245901639344263,0.1878662109375
8,12,0.001953125,0.0,0.1876220703125
8,13,0.00390625,0.0,0.18733723958333331
8,14,0.009765625,0.0,0.19114176432291666
8,15,0.00390625,0.0,0.18223063151041666
8,16,0.0078125,0.0,0.19718424479166666
8,17,0.005859375,0.0009881422924901185,0.18524169921875
8,18,0.005859375,0.0,0.17873128255208331
8,19,0.00390625,0.0,0.18251546223958331
8,20,0.00390625,0.001001001001001001,0.18922932942708331
8,21,0.005859375,0.0009881422924901185,0.19047037760416666
8,22,0.0078125,0.0,0.17315673828125
8,23,0.009765625,0.0,0.18609619140625
8,24,0.005859375,0.0,0.18216959635416666
8,25,0.00390625,0.0,0.18611653645833331
8,26,0.005859375,0.0,0.18546549479166666
8,27,0.001953125,0.0,0.17226155598958331
8,28,0.00390625,0.0,0.1820068359375
8,29,0.0078125,0.0,0.17893473307291666
8,30,0.001953125,0.0,0.17901611328125
8,31,0.013671875,0.0,0.1798095703125
8,32,0.0078125,0.0,0.1866455078125
8,33,0.0078125,0.0,0.18391927083333331
8,34,0.0078125,0.0010030090270812437,0.19661458333333331
8,35,0.01171875,0.0009871668311944718,0.1871337890625
8,36,0.00390625,0.0,0.18035888671875
8,37,0.00390625,0.0,0.17451985677083331
8,38,0.00390625,0.0,0.18271891276041669
8,39,0.005859375,0.0,0.17624918619791666
8,40,0.001953125,0.0,0.17746988932291666
8,41,0.005859375,0.0,0.18526204427083331
8,42,0.01171875,0.0,0.1943359375
8,43,0.009765625,0.0,0.19368489583333331
8,44,0.015625,0.0,0.185791015625
8,45,0.00390625,0.0,0.18914794921875
8,46,0.01171875,0.0,0.18935139973958331
8,47,0.01171875,0.0,0.19248453776041666
9,10,0.0078125,0.0,0.18263753255208334
9,11,0.005859375,0.0,0.18190511067708331
9,12,0.009765625,0.0,0.1790771484375
9,13,0.005859375,0.0,0.17753092447916666
9,14,0.013671875,0.0,0.18391927083333331
9,15,0.00390625,0.000992063492063492,0.17987060546875
9,16,0.015625,0.0,0.18465169270833331
9,17,0.005859375,0.0,0.18373616536458334
9,18,0.00390625,0.0,0.17726643880208331
9,19,0.001953125,0.0,0.17535400390625
9,20,0.0,0.001004016064257028,0.18485514322916666
9,21,0.0078125,0.0,0.19038899739583331
9,22,0.0078125,0.0,0.18182373046875
9,23,0.0078125,0.001984126984126984,0.18131510416666666
9,24,0.00390625,0.0,0.19820149739583331
9,25,0.005859375,0.0,0.17824300130208331
9,26,0.005859375,0.0,0.18182373046875
9,27,0.005859375,0.0,0.18206787109375
9,28,0.0078125,0.0,0.18294270833333334
9,29,0.005859375,0.0,0.18503824869791666
9,30,0.009765625,0.0,0.17869059244791666
9,31,0.005859375,0.0,0.18129475911458331
9,32,0.005859375,0.0,0.18436686197916669
9,33,0.009765625,0.0,0.18424479166666666
9,34,0.0,0.0,0.18705240885416666
9,35,0.009765625,0.0019821605550049554,0.17618815104166666
9,36,0.00390625,0.002074688796680498,0.18212890625
9,37,0.00390625,0.0,0.17978922526041669
9,38,0.005859375,0.0,0.18607584635416666
9,39,0.00390625,0.0,0.17673746744791666
9,40,0.001953125,0.0,0.17822265625
9,41,0.01171875,0.0,0.18516031901041666
9,42,0.0,0.0,0.17978922526041666
9,43,0.0078125,0.0,0.18656412760416669
9,44,0.001953125,0.0,0.18131510416666666
9,45,0.00390625,0.0,0.17722574869791669
9,46,0.001953125,0.0009891196834817012,0.18094889322916669
9,47,0.00390625,0.0,0.18135579427083331
10,11,0.001953125,0.0,0.17649332682291666
10,12,0.005859375,0.0,0.1810302734375
10,13,0.005859375,0.0,0.18719482421874997
10,14,0.001953125,0.0,0.17559814453125
10,15,0.00390625,0.0,0.17989095052083331
10,16,0.009765625,0.0,0.17649332682291666
10,17,0.00390625,0.0,0.18039957682291666
10,18,0.009765625,0.0,0.17818196614583334
10,19,0.005859375,0.0,0.17962646484375
10,20,0.01171875,0.0,0.19403076171875
10,21,0.001953125,0.0,0.18674723307291669
10,22,0.005859375,0.0,0.18381754557291666
10,23,0.001953125,0.0,0.18865966796875
10,24,0.01171875,0.0,0.18402099609375
10,25,0.01171875,0.0,0.190185546875
10,26,0.005859375,0.0,0.18373616536458331
10,27,0.005859375,0.0,0.17515055338541666
10,28,0.01171875,0.0,0.18611653645833334
10,29,0.00390625,0.0,0.1856689453125
10,30,0.00390625,0.0,0.17793782552083331
10,31,0.00390625,0.0,0.18275960286458334
10,32,0.001953125,0.0,0.17631022135416666
10,33,0.001953125,0.0,0.18166097005208331
10,34,0.009765625,0.0,0.18534342447916666
10,35,0.0078125,0.0010384215991692627,0.18595377604166669
10,36,0.013671875,0.0,0.18404134114583334
10,37,0.001953125,0.0,0.18251546223958331
10,38,0.009765625,0.0,0.18585205078125
10,39,0.013671875,0.0,0.18642171223958331
10,40,0.005859375,0.0,0.185302734375
10,41,0.0078125,0.0,0.18385823567708331
10,42,0.009765625,0.0,0.18585205078125
10,43,0.0078125,0.0,0.17830403645833334
10,44,0.001953125,0.0,0.18408203125
10,45,0.005859375,0.0,0.18062337239583331
10,46,0.005859375,0.0,0.18208821614583331
10,47,0.0078125,0.0,0.17893473307291669
11,12,0.001953125,0.0,0.18446858723958334
11,13,0.00390625,0.0,0.1817626953125
11,14,0.01171875,0.0,0.19097900390625
11,15,0.0,0.0,0.1798095703125
11,16,0.001953125,0.0,0.18235270182291666
11,17,0.00390625,0.0,0.18607584635416669
11,18,0.00390625,0.0,0.18475341796875
11,19,0.009765625,0.0,0.18463134765625
11,20,0.005859375,0.003125,0.18817138671875
11,21,0.00390625,0.002053388090349076,0.18353271484375
11,22,0.001953125,0.0,0.18629964192708331
11,23,0.0078125,0.0,0.19169108072916666
11,24,0.013671875,0.0,0.19114176432291666
11,25,0.017578125,0.0,0.1923828125
11,26,0.0078125,0.0,0.1949462890625
11,27,0.0078125,0.0,0.18617757161458334
11,28,0.01171875,0.0,0.18589274088541669
11,29,0.005859375,0.0,0.18343098958333331
11,30,0.001953125,0.0,0.18351236979166669
11,31,0.013671875,0.0010559662090813093,0.1883544921875
11,32,0.0,0.0,0.18339029947916666
11,33,0.005859375,0.0,0.17899576822916669
11,34,0.00390625,0.0,0.18674723307291666
11,35,0.0078125,0.0,0.18560791015625
11,36,0.013671875,0.0,0.19484456380208334
11,37,0.0078125,0.0,0.1826171875
11,38,0.00390625,0.0,0.18900553385416666
11,39,0.009765625,0.0,0.18092854817708331
11,40,0.013671875,0.002109704641350211,0.18552652994791666
11,41,0.00390625,0.0,0.18121337890625
11,42,0.005859375,0.0,0.18216959635416663
11,43,0.01171875,0.0,0.18617757161458331
11,44,0.00390625,0.0,0.19272867838541669
11,45,0.00390625,0.0,0.17889404296875
11,46,0.005859375,0.0,0.18131510416666669
11,47,0.001953125,0.0,0.19040934244791666
12,13,0.013671875,0.0,0.20792643229166666
12,14,0.001953125,0.0,0.18585205078125
12,15,0.001953125,0.0,0.18214925130208331
12,16,0.0078125,0.0009852216748768472,0.18975830078125
12,17,0.001953125,0.0,0.18440755208333331
12,18,0.0,0.0,0.18328857421875
12,19,0.00390625,0.0,0.17995198567708331
12,20,0.013671875,0.0,0.18019612630208334
12,21,0.001953125,0.0,0.19478352864583331
12,22,0.005859375,0.0,0.19317626953125
12,23,0.0078125,0.0,0.17854817708333331
12,24,0.001953125,0.0,0.17989095052083331
12,25,0.001953125,0.0,0.18503824869791669
12,26,0.005859375,0.0,0.18693033854166666
12,27,0.0078125,0.0,0.18629964192708331
12,28,0.005859375,0.0,0.1806640625
12,29,0.0,0.0,0.18398030598958331
12,30,0.005859375,0.0,0.18764241536458331
12,31,0.00390625,0.0,0.17462158203125
12,32,0.009765625,0.0,0.18570963541666666
12,33,0.0078125,0.0,0.18412272135416666
12,34,0.005859375,0.0,0.19000244140625
12,35,0.005859375,0.0,0.18709309895833334
12,36,0.005859375,0.0,0.18536376953125
12,37,0.0078125,0.0,0.1915283203125
12,38,0.005859375,0.0,0.18452962239583331
12,39,0.0078125,0.0,0.18310546875
12,40,0.0078125,0.0,0.18564860026041669
12,41,0.00390625,0.0,0.18363444010416666
12,42,0.0078125,0.0,0.19683837890625
12,43,0.00390625,0.0,0.19248453776041666
12,44,0.0,0.0,0.17995198567708331
12,45,0.01171875,0.0,0.18109130859375
12,46,0.005859375,0.0,0.186767578125
12,47,0.00390625,0.0,0.19185384114583331
13,14,0.005859375,0.0,0.18208821614583331
13,15,0.005859375,0.0,0.19278971354166666
13,16,0.0078125,0.0,0.19230143229166666
13,17,0.00390625,0.0009871668311944718,0.17848714192708331
13,18,0.001953125,0.0,0.18037923177083331
13,19,0.001953125,0.0,0.17757161458333331
13,20,0.009765625,0.0,0.1898193359375
13,21,0.001953125,0.0,0.18190511067708331
13,22,0.005859375,0.0,0.17779541015625
13,23,0.005859375,0.0,0.1787109375
13,24,0.0078125,0.0,0.18379720052083331
13,25,0.009765625,0.0,0.18336995442708334
13,26,0.00390625,0.0,0.1822509765625
13,27,0.00390625,0.0,0.18292236328125
13,28,0.005859375,0.0,0.18672688802083331
13,29,0.01171875,0.0,0.18888346354166666
13,30,0.005859375,0.0,0.19224039713541666
13,31,0.001953125,0.0,0.17783610026041666
13,32,0.009765625,0.0,0.1845703125
13,33,0.005859375,0.0,0.18546549479166666
13,34,0.00390625,0.0,0.1824951171875
13,35,0.0078125,0.0,0.1810302734375
13,36,0.0078125,0.0,0.18068440755208331
13,37,0.01171875,0.0,0.18733723958333331
13,38,0.00390625,0.0,0.18251546223958331
13,39,0.005859375,0.0,0.18955485026041666
13,40,0.0078125,0.0,0.17940266927083331
13,41,0.00390625,0.0,0.17726643880208331
13,42,0.00390625,0.0,0.18202718098958331
13,43,0.009765625,0.0,0.20161946614583331
13,44,0.00390625,0.0,0.18135579427083331
13,45,0.0078125,0.0,0.18516031901041666
13,46,0.00390625,0.0,0.19258626302083331
13,47,0.001953125,0.0,0.1812744140625
14,15,0.00390625,0.0,0.18316650390625
14,16,0.009765625,0.0,0.18520100911458331
14,17,0.01171875,0.0,0.19732666015625
14,18,0.00390625,0.0,0.1868896484375
14,19,0.015625,0.0,0.19722493489583331
14,20,0.017578125,0.0,0.18825276692708331
14,21,0.0078125,0.0,0.18304443359375
14,22,0.005859375,0.0,0.19228108723958331
14,23,0.005859375,0.0,0.18648274739583334
14,24,0.00390625,0.0,0.18247477213541666
14,25,0.01171875,0.0,0.181396484375
14,26,0.00390625,0.0,0.18839518229166669
14,27,0.01953125,0.0,0.19289143880208334
14,28,0.00390625,0.0,0.17934163411458331
14,29,0.0078125,0.0,0.1849365234375
14,30,0.00390625,0.0,0.18497721354166666
14,31,0.0078125,0.0,0.18988037109375
14,32,0.0,0.0,0.18174235026041669
14,33,0.013671875,0.0,0.19669596354166669
14,34,0.00390625,0.0,0.18629964192708331
14,35,0.01171875,0.0,0.18039957682291666
14,36,0.01171875,0.0,0.18379720052083331
14,37,0.009765625,0.0,0.19138590494791666
14,38,0.001953125,0.0,0.18556722005208331
14,39,0.013671875,0.0,0.18666585286458334
14,40,0.005859375,0.0,0.18381754557291669
14,41,0.0078125,0.0,0.18271891276041666
14,42,0.01171875,0.0,0.18227132161458331
14,43,0.013671875,0.0,0.18314615885416666
14,44,0.00390625,0.0,0.18648274739583331
14,45,0.001953125,0.0,0.18788655598958331
14,46,0.0078125,0.0,0.18831380208333331
14,47,0.005859375,0.0,0.18084716796875
15,16,0.0078125,0.0,0.1932373046875
15,17,0.009765625,0.0,0.18715413411458331
15,18,0.0078125,0.0009891196834817012,0.18479410807291666
15,19,0.001953125,0.0009900990099009901,0.17899576822916669
15,20,0.001953125,0.0,0.18125406901041666
15,21,0.00390625,0.0,0.18465169270833331
15,22,0.01171875,0.0,0.19317626953125
15,23,0.0078125,0.0009900990099009901,0.19132486979166666
15,24,0.0078125,0.0,0.18135579427083331
15,25,0.001953125,0.0,0.18206787109375
15,26,0.0078125,0.0,0.18754069010416666
15,27,0.0078125,0.0,0.19350179036458331
15,28,0.001953125,0.0,0.1890869140625
15,29,0.005859375,0.0,0.18735758463541669
15,30,0.009765625,0.0,0.19099934895833331
15,31,0.013671875,0.0,0.17740885416666666
15,32,0.0,0.0,0.18977864583333331
15,33,0.00390625,0.0,0.18819173177083331
15,34,0.005859375,0.0,0.18074544270833331
15,35,0.0,0.0,0.17502848307291666
15,36,0.0,0.0,0.17706298828125
15,37,0.001953125,0.0,0.18072509765625
15,38,0.0078125,0.0,0.18552652994791666
15,39,0.00390625,0.0,0.19222005208333331
15,40,0.0078125,0.0,0.19067382812499997
15,41,0.009765625,0.0,0.1827392578125
15,42,0.009765625,0.0,0.18741861979166666
15,43,0.00390625,0.0,0.18379720052083331
15,44,0.005859375,0.0,0.18526204427083331
15,45,0.005859375,0.0,0.18332926432291666
15,46,0.005859375,0.0,0.1827392578125
15,47,0.009765625,0.0,0.18727620442708331
16,17,0.0078125,0.0,0.17887369791666666
16,18,0.005859375,0.0,0.17799886067708331
16,19,0.0,0.0,0.176025390625
16,20,0.01171875,0.0,0.18007405598958331
16,21,0.009765625,0.0,0.18552652994791666
16,22,0.005859375,0.0,0.18157958984375
16,23,0.0078125,0.0,0.17498779296875
16,24,0.00390625,0.0,0.17921956380208331
16,25,0.005859375,0.0,0.18440755208333331
16,26,0.001953125,0.0,0.179931640625
16,27,0.005859375,0.0,0.17685953776041666
16,28,0.013671875,0.0,0.19032796223958331
16,29,0.001953125,0.0,0.18389892578125
16,30,0.005859375,0.0,0.18682861328125
16,31,0.00390625,0.0,0.17952473958333334
16,32,0.005859375,0.0,0.18078613281249997
16,33,0.0078125,0.0,0.20029703776041666
16,34,0.00390625,0.0,0.18516031901041666
16,35,0.009765625,0.0,0.19219970703125
16,36,0.00390625,0.0,0.18111165364583331
16,37,0.0,0.0,0.18003336588541663
16,38,0.001953125,0.0,0.18265787760416666
16,39,0.017578125,0.0,0.20261637369791669
16,40,0.00390625,0.0,0.18257649739583331
16,41,0.0078125,0.0,0.18072509765625
16,42,0.0078125,0.0,0.19527180989583331
16,43,0.0078125,0.0,0.19356282552083334
16,44,0.017578125,0.0,0.1900634765625
16,45,0.001953125,0.0,0.1846923828125
16,46,0.005859375,0.0,0.19187418619791663
16,47,0.005859375,0.0,0.18212890625
17,18,0.001953125,0.0009881422924901185,0.18257649739583331
17,19,0.00390625,0.0019801980198019802,0.1812744140625
17,20,0.009765625,0.0,0.18733723958333331
17,21,0.0078125,0.0,0.19144694010416666
17,22,0.001953125,0.0,0.1839599609375
17,23,0.00390625,0.0019801980198019802,0.18758138020833331
17,24,0.0078125,0.0,0.18758138020833331
17,25,0.005859375,0.0,0.18798828125
17,26,0.00390625,0.0,0.18440755208333331
17,27,0.00390625,0.001990049751243781,0.18648274739583334
17,28,0.005859375,0.0009871668311944718,0.18406168619791666
17,29,0.005859375,0.0,0.1787109375
17,30,0.00390625,0.0,0.19138590494791669
17,31,0.009765625,0.0,0.17919921875
17,32,0.0078125,0.0029702970297029703,0.177978515625
17,33,0.005859375,0.0009891196834817012,0.193603515625
17,34,0.015625,0.001004016064257028,0.19728597005208331
17,35,0.005859375,0.0,0.1856689453125
17,36,0.009765625,0.001034126163391934,0.192138671875
17,37,0.00390625,0.0,0.18821207682291666
17,38,0.001953125,0.0,0.18190511067708331
17,39,0.00390625,0.0,0.1845703125
17,40,0.0078125,0.0,0.1922607421875
17,41,0.013671875,0.0,0.18540445963541666
17,42,0.005859375,0.0,0.18621826171875
17,43,0.009765625,0.0,0.19040934244791669
17,44,0.005859375,0.0,0.18115234375
17,45,0.005859375,0.0,0.1861572265625
17,46,0.005859375,0.0,0.17706298828125
17,47,0.00390625,0.0,0.19307454427083331
18,19,0.00390625,0.0009881422924901185,0.18705240885416666
18,20,0.00390625,0.0,0.18577067057291669
18,21,0.005859375,0.0,0.1842041015625
18,22,0.00390625,0.0,0.1832275390625
18,23,0.005859375,0.0009881422924901185,0.18123372395833334
18,24,0.0078125,0.0,0.19215901692708331
18,25,0.009765625,0.0,0.18212890625
18,26,0.0078125,0.0,0.18084716796875
18,27,0.005859375,0.0009930486593843098,0.18924967447916669
18,28,0.0,0.0029644268774703555,0.17679850260416666
18,29,0.0078125,0.0,0.18424479166666666
18,30,0.001953125,0.0,0.177734375
18,31,0.00390625,0.0,0.19083658854166666
18,32,0.00390625,0.0009871668311944718,0.18357340494791666
18,33,0.001953125,0.0,0.1798095703125
18,34,0.0078125,0.0,0.18577067057291666
18,35,0.001953125,0.0,0.17976888020833331
18,36,0.005859375,0.0010330578512396695,0.18393961588541666
18,37,0.001953125,0.0,0.18709309895833331
18,38,0.001953125,0.0,0.18119303385416666
18,39,0.0078125,0.0,0.18243408203125
18,40,0.009765625,0.0,0.18703206380208331
18,41,0.009765625,0.0,0.17710367838541666
18,42,0.0078125,0.0,0.18575032552083331
18,43,0.01171875,0.0,0.18310546875
18,44,0.0078125,0.0,0.18113199869791666
18,45,0.005859375,0.0,0.18467203776041663
18,46,0.00390625,0.0,0.18986002604166669
18,47,0.01171875,0.0,0.18735758463541666
19,20,0.009765625,0.0,0.17803955078125
19,21,0.01171875,0.0,0.18218994140625
19,22,0.005859375,0.0,0.18277994791666666
19,23,0.0,0.0019801980198019802,0.18265787760416666
19,24,0.00390625,0.0,0.1849365234375
19,25,0.01171875,0.0,0.18924967447916666
19,26,0.01171875,0.0,0.1929931640625
19,27,0.01171875,0.0009940357852882703,0.18855794270833331
19,28,0.00390625,0.0009871668311944718,0.18487548828125
19,29,0.001953125,0.0,0.18902587890625
19,30,0.009765625,0.0,0.18996175130208331
19,31,0.01171875,0.0,0.18776448567708331
19,32,0.013671875,0.0019782393669634025,0.18743896484375
19,33,0.0078125,0.0,0.19374593098958331
19,34,0.001953125,0.0,0.1754150390625
19,35,0.00390625,0.0,0.1827392578125
19,36,0.00390625,0.001034126163391934,0.1851806640625
19,37,0.009765625,0.0,0.18229166666666666
19,38,0.00390625,0.0,0.18798828125
19,39,0.00390625,0.0,0.17744954427083331
19,40,0.0078125,0.0,0.18904622395833331
19,41,0.001953125,0.0,0.18375651041666666
19,42,0.0,0.0,0.17989095052083331
19,43,0.005859375,0.0,0.17899576822916666
19,44,0.005859375,0.0,0.18426513671875
19,45,0.00390625,0.0,0.17657470703125
19,46,0.01171875,0.0,0.19399007161458331
19,47,0.00390625,0.0,0.18251546223958331
20,21,0.005859375,0.0020060180541624875,0.18288167317708331
20,22,0.0078125,0.0,0.17767333984375
20,23,0.009765625,0.001002004008016032,0.19140625
20,24,0.00390625,0.0,0.18465169270833331
20,25,0.00390625,0.0,0.1837158203125
20,26,0.005859375,0.0,0.18393961588541666
20,27,0.009765625,0.0,0.18290201822916666
20,28,0.013671875,0.0,0.18918863932291666
20,29,0.01171875,0.0,0.1885986328125
20,30,0.009765625,0.0,0.18690999348958331
20,31,0.00390625,0.0,0.18218994140625
20,32,0.005859375,0.0,0.18752034505208331
20,33,0.005859375,0.0,0.18723551432291666
20,34,0.001953125,0.0,0.18619791666666669
20,35,0.01171875,0.0,0.18406168619791666
20,36,0.00390625,0.0010482180293501049,0.17683919270833334
20,37,0.005859375,0.0,0.18003336588541666
20,38,0.0,0.0,0.18693033854166666
20,39,0.013671875,0.0,0.19645182291666666
20,40,0.001953125,0.003092783505154639,0.177490234375
20,41,0.00390625,0.0,0.17942301432291666
20,42,0.013671875,0.0,0.19732666015625
20,43,0.009765625,0.0,0.19163004557291666
20,44,0.00390625,0.0,0.17685953776041669
20,45,0.0078125,0.0,0.18568929036458331
20,46,0.009765625,0.0,0.18597412109375
20,47,0.0078125,0.0,0.18524169921875
21,22,0.001953125,0.0,0.17795817057291666
21,23,0.00390625,0.0,0.17828369140625
21,24,0.0078125,0.0,0.18109130859375
21,25,0.0078125,0.00099601593625498,0.18833414713541666
21,26,0.009765625,0.0,0.18058268229166666
21,27,0.005859375,0.0,0.18603515625
21,28,0.009765625,0.0,0.18013509114583331
21,29,0.009765625,0.0,0.18450927734375
21,30,0.015625,0.0,0.18727620442708331
21,31,0.009765625,0.0,0.1767578125
21,32,0.005859375,0.0,0.18245442708333331
21,33,0.0078125,0.0,0.18939208984375
21,34,0.0078125,0.0,0.19148763020833331
21,35,0.013671875,0.0009881422924901185,0.182861328125
21,36,0.005859375,0.0,0.18369547526041669
21,37,0.01171875,0.0,0.1947021484375
21,38,0.001953125,0.0,0.17938232421875
21,39,0.009765625,0.0,0.1873779296875
21,40,0.00390625,0.0010152284263959391,0.18644205729166666
21,41,0.005859375,0.0,0.18353271484375
21,42,0.0234375,0.0,0.19256591796875
21,43,0.015625,0.0,0.19685872395833331
21,44,0.0078125,0.0,0.1824951171875
21,45,0.0078125,0.0,0.1812744140625
21,46,0.009765625,0.0,0.18253580729166666
21,47,0.001953125,0.0,0.18802897135416666
22,23,0.0078125,0.0,0.189453125
22,24,0.0078125,0.0,0.1826171875
22,25,0.00390625,0.002,0.19319661458333331
22,26,0.005859375,0.0,0.1817626953125
22,27,0.005859375,0.0009970089730807576,0.19376627604166666
22,28,0.00390625,0.0,0.18623860677083331
22,29,0.0078125,0.0,0.18780517578125
22,30,0.001953125,0.0,0.18393961588541669
22,31,0.00390625,0.0,0.17938232421875
22,32,0.00390625,0.0,0.18827311197916669
22,33,0.001953125,0.0,0.18180338541666663
22,34,0.00390625,0.0,0.18581136067708331
22,35,0.00390625,0.0,0.18223063151041666
22,36,0.017578125,0.0020768431983385254,0.18967692057291666
22,37,0.00390625,0.0,0.17942301432291669
22,38,0.005859375,0.0,0.18703206380208331
22,39,0.013671875,0.0,0.18326822916666663
22,40,0.00390625,0.0,0.18910725911458331
22,41,0.01171875,0.0,0.19010416666666669
22,42,0.01171875,0.0,0.18668619791666666
22,43,0.0078125,0.0,0.18039957682291666
22,44,0.01171875,0.0,0.18898518880208331
22,45,0.005859375,0.0,0.18125406901041669
22,46,0.005859375,0.0,0.18654378255208331
22,47,0.00390625,0.0,0.18593343098958331
23,24,0.01171875,0.0,0.18863932291666666
23,25,0.001953125,0.0,0.18743896484375
23,26,0.001953125,0.0,0.17867024739583331
23,27,0.0078125,0.0009940357852882703,0.19158935546875
23,28,0.00390625,0.0009871668311944718,0.19315592447916666
23,29,0.0,0.0,0.17982991536458331
23,30,0.00390625,0.0,0.18890380859375
23,31,0.00390625,0.0,0.18259684244791666
23,32,0.0078125,0.003964321110009911,0.18534342447916663
23,33,0.001953125,0.0,0.18581136067708331
23,34,0.00390625,0.0,0.18924967447916666
23,35,0.013671875,0.0,0.19246419270833331
23,36,0.017578125,0.002070393374741201,0.18735758463541669
23,37,0.009765625,0.0,0.18318684895833331
23,38,0.001953125,0.0,0.18503824869791666
23,39,0.009765625,0.0,0.18634033203125
23,40,0.0078125,0.0020325203252032522,0.18865966796875
23,41,0.001953125,0.0,0.18436686197916663
23,42,0.005859375,0.0,0.18497721354166666
23,43,0.0078125,0.0,0.1866455078125
23,44,0.005859375,0.0,0.18019612630208331
23,45,0.001953125,0.0,0.1793212890625
23,46,0.00390625,0.0009871668311944718,0.18739827473958331
23,47,0.005859375,0.0,0.19545491536458331
24,25,0.005859375,0.0,0.18013509114583334
24,26,0.001953125,0.0,0.18105061848958334
24,27,0.013671875,0.0,0.18314615885416666
24,28,0.009765625,0.0,0.187255859375
24,29,0.01171875,0.0,0.18625895182291666
24,30,0.01171875,0.0,0.18625895182291669
24,31,0.01171875,0.0,0.1871337890625
24,32,0.009765625,0.0,0.19073486328125
24,33,0.001953125,0.0,0.18253580729166666
24,34,0.005859375,0.0,0.18715413411458331
24,35,0.001953125,0.0,0.17698160807291666
24,36,0.005859375,0.0,0.18703206380208334
24,37,0.001953125,0.0,0.18690999348958331
24,38,0.0,0.0,0.18355305989583331
24,39,0.001953125,0.0,0.18389892578125
24,40,0.00390625,0.0,0.18052164713541666
24,41,0.0078125,0.0010162601626016261,0.17928059895833331
24,42,0.009765625,0.0,0.19215901692708331
24,43,0.0078125,0.0,0.18766276041666669
24,44,0.005859375,0.0,0.18452962239583331
24,45,0.005859375,0.0,0.17899576822916666
24,46,0.009765625,0.0,0.19032796223958331
24,47,0.001953125,0.0,0.18577067057291666
25,26,0.005859375,0.0,0.18060302734375
25,27,0.009765625,0.0,0.18115234375
25,28,0.005859375,0.0009940357852882703,0.19698079427083331
25,29,0.005859375,0.0,0.177734375
25,30,0.005859375,0.0,0.19187418619791666
25,31,0.013671875,0.0,0.17704264322916669
25,32,0.0078125,0.0,0.17860921223958331
25,33,0.00390625,0.0,0.19388834635416666
25,34,0.009765625,0.0,0.19482421875
25,35,0.005859375,0.00199203187250996,0.17850748697916669
25,36,0.009765625,0.0010416666666666667,0.18876139322916666
25,37,0.01171875,0.0,0.187744140625
25,38,0.0078125,0.0,0.19101969401041663
25,39,0.01171875,0.0,0.18650309244791666
25,40,0.005859375,0.0,0.18353271484375
25,41,0.00390625,0.0,0.18924967447916666
25,42,0.001953125,0.0,0.18511962890625
25,43,0.013671875,0.0,0.18717447916666669
25,44,0.00390625,0.0,0.1875
25,45,0.005859375,0.0,0.18084716796875
25,46,0.005859375,0.0,0.18277994791666669
25,47,0.0078125,0.0,0.18971761067708334
26,27,0.009765625,0.0,0.17905680338541666
26,28,0.00390625,0.0,0.18302408854166669
26,29,0.0,0.0,0.18572998046875
26,30,0.005859375,0.0,0.18243408203124997
26,31,0.005859375,0.0,0.18308512369791666
26,32,0.00390625,0.0,0.18589274088541669
26,33,0.001953125,0.0,0.18719482421875
26,34,0.001953125,0.0,0.18202718098958331
26,35,0.009765625,0.0,0.18910725911458331
26,36,0.009765625,0.0,0.18874104817708331
26,37,0.005859375,0.0,0.18404134114583331
26,38,0.0078125,0.0,0.187744140625
26,39,0.005859375,0.0,0.18841552734375
26,40,0.00390625,0.0,0.17808024088541666
26,41,0.005859375,0.0,0.18855794270833331
26,42,0.0078125,0.0,0.18326822916666663
26,43,0.009765625,0.0,0.17801920572916669
26,44,0.0,0.0,0.18505859375
26,45,0.001953125,0.0,0.18953450520833331
26,46,0.0078125,0.0,0.18520100911458331
26,47,0.009765625,0.0,0.18672688802083331
27,28,0.009765625,0.000992063492063492,0.18015543619791666
27,29,0.00390625,0.0,0.18143717447916666
27,30,0.009765625,0.0,0.19742838541666663
27,31,0.0078125,0.0,0.18513997395833331
27,32,0.005859375,0.0009930486593843098,0.19667561848958331
27,33,0.005859375,0.0,0.18310546875
27,34,0.0078125,0.0,0.18611653645833331
27,35,0.013671875,0.0,0.18912760416666666
27,36,0.00390625,0.0010395010395010396,0.18275960286458331
27,37,0.009765625,0.0,0.18621826171875
27,38,0.0078125,0.0,0.1871337890625
27,39,0.0078125,0.0,0.18532307942708331
27,40,0.001953125,0.0,0.18052164713541669
27,41,0.005859375,0.0,0.18516031901041666
27,42,0.001953125,0.0,0.1781005859375
27,43,0.013671875,0.0,0.189453125
27,44,0.001953125,0.0,0.18955485026041666
27,45,0.01171875,0.0,0.18330891927083334
27,46,0.009765625,0.0,0.18623860677083331
27,47,0.0078125,0.0,0.18231201171875
28,29,0.005859375,0.0009861932938856016,0.19370524088541666
28,30,0.005859375,0.0,0.19512939453125
28,31,0.0,0.0,0.17921956380208331
28,32,0.00390625,0.0009861932938856016,0.18794759114583331
28,33,0.001953125,0.0,0.18625895182291666
28,34,0.0,0.0,0.18247477213541666
28,35,0.00390625,0.0,0.18037923177083331
28,36,0.005859375,0.0010319917440660474,0.18973795572916666
28,37,0.00390625,0.0,0.17606608072916666
28,38,0.005859375,0.0,0.181396484375
28,39,0.00390625,0.0,0.18937174479166666
28,40,0.00390625,0.0,0.18473307291666666
28,41,0.005859375,0.0,0.18259684244791669
28,42,0.0078125,0.0,0.18056233723958334
28,43,0.001953125,0.0,0.18450927734375
28,44,0.001953125,0.0,0.19293212890624997
28,45,0.001953125,0.0,0.18654378255208331
28,46,0.001953125,0.0,0.19549560546875
28,47,0.005859375,0.0,0.1822509765625
29,30,0.0078125,0.0,0.18255615234375
29,31,0.0078125,0.0,0.18072509765625
29,32,0.005859375,0.0,0.18754069010416669
29,33,0.01171875,0.0,0.18611653645833331
29,34,0.005859375,0.0,0.18418375651041669
29,35,0.013671875,0.0,0.18235270182291666
29,36,0.001953125,0.0,0.1878662109375
29,37,0.0078125,0.0,0.18562825520833331
29,38,0.005859375,0.0,0.18359375
29,39,0.0078125,0.0,0.19106038411458331
29,40,0.001953125,0.0,0.18739827473958331
29,41,0.0078125,0.0,0.1839599609375
29,42,0.01171875,0.0,0.18363444010416669
29,43,0.005859375,0.0,0.18477376302083331
29,44,0.01171875,0.0,0.18806966145833331
29,45,0.00390625,0.0,0.18658447265625
29,46,0.00390625,0.0,0.18611653645833334
29,47,0.001953125,0.0,0.19047037760416666
30,31,0.01171875,0.0,0.1820068359375
30,32,0.005859375,0.0,0.18613688151041669
30,33,0.005859375,0.0,0.19584147135416669
30,34,0.001953125,0.0,0.18623860677083331
30,35,0.013671875,0.0,0.18414306640625
30,36,0.01171875,0.0,0.18263753255208334
30,37,0.0078125,0.0,0.18141682942708331
30,38,0.009765625,0.0,0.1785888671875
30,39,0.005859375,0.0,0.19785563151041666
30,40,0.001953125,0.0,0.18074544270833331
30,41,0.001953125,0.0,0.18662516276041666
30,42,0.009765625,0.0,0.18912760416666666
30,43,0.001953125,0.0,0.18194580078125
30,44,0.005859375,0.0,0.1949462890625
30,45,0.005859375,0.0,0.178955078125
30,46,0.001953125,0.0,0.17950439453125
30,47,0.001953125,0.0,0.19130452473958331
31,32,0.00390625,0.0,0.18485514322916669
31,33,0.01171875,0.0,0.18133544921875
31,34,0.00390625,0.0,0.18621826171875
31,35,0.01953125,0.0,0.18927001953125
31,36,0.013671875,0.0,0.18440755208333331
31,37,0.013671875,0.0,0.18550618489583331
31,38,0.01171875,0.0,0.18155924479166663
31,39,0.005859375,0.0,0.17500813802083331
31,40,0.009765625,0.0,0.19260660807291666
31,41,0.01171875,0.0,0.18365478515625
31,42,0.021484375,0.0,0.18019612630208331
31,43,0.005859375,0.0,0.18050130208333334
31,44,0.01171875,0.0,0.18544514973958331
31,45,0.01171875,0.0,0.18739827473958331
31,46,0.013671875,0.0,0.18843587239583331
31,47,0.00390625,0.0,0.17974853515625
32,33,0.001953125,0.0,0.18284098307291666
32,34,0.0078125,0.0010030090270812437,0.177978515625
32,35,0.0078125,0.0,0.19014485677083331
32,36,0.001953125,0.0010330578512396695,0.18170166015625
32,37,0.015625,0.0,0.18218994140625
32,38,0.001953125,0.0,0.17936197916666666
32,39,0.00390625,0.0,0.1822509765625
32,40,0.015625,0.0,0.18310546875
32,41,0.00390625,0.0,0.18585205078125
32,42,0.013671875,0.0,0.18489583333333331
32,43,0.00390625,0.0,0.18575032552083334
32,44,0.00390625,0.0,0.18326822916666666
32,45,0.01171875,0.0,0.186767578125
32,46,0.005859375,0.0,0.18522135416666666
32,47,0.0078125,0.0,0.18662516276041666
33,34,0.00390625,0.0,0.19439697265625
33,35,0.009765625,0.0,0.1861572265625
33,36,0.005859375,0.0,0.17718505859375
33,37,0.0,0.0,0.177734375
33,38,0.001953125,0.0,0.183837890625
33,39,0.013671875,0.0,0.20951334635416666
33,40,0.005859375,0.0,0.184326171875
33,41,0.005859375,0.0,0.18943277994791666
33,42,0.005859375,0.0,0.1871337890625
33,43,0.017578125,0.0,0.192626953125
33,44,0.01171875,0.0,0.18528238932291666
33,45,0.00390625,0.0,0.17653401692708331
33,46,0.005859375,0.0,0.18845621744791666
33,47,0.005859375,0.0,0.19183349609375
34,35,0.01171875,0.0,0.19016520182291666
34,36,0.00390625,0.0,0.18092854817708331
34,37,0.001953125,0.0,0.18353271484375
34,38,0.001953125,0.0,0.18636067708333331
34,39,0.009765625,0.0,0.19563802083333331
34,40,0.005859375,0.0,0.18003336588541666
34,41,0.001953125,0.0,0.18318684895833331
34,42,0.005859375,0.0,0.201904296875
34,43,0.005859375,0.0,0.19002278645833334
34,44,0.0078125,0.0,0.1826171875
34,45,0.001953125,0.0,0.18418375651041666
34,46,0.001953125,0.0,0.18391927083333331
34,47,0.005859375,0.0,0.18863932291666666
35,36,0.013671875,0.002068252326783868,0.1851806640625
35,37,0.01171875,0.0,0.17974853515625
35,38,0.001953125,0.0,0.17985026041666669
35,39,0.009765625,0.0,0.19112141927083331
35,40,0.0078125,0.0,0.1871337890625
35,41,0.005859375,0.0,0.18218994140625
35,42,0.005859375,0.0,0.18300374348958331
35,43,0.005859375,0.0,0.17657470703125
35,44,0.01171875,0.0,0.17669677734375
35,45,0.005859375,0.0,0.18817138671875
35,46,0.013671875,0.0,0.18937174479166666
35,47,0.00390625,0.0,0.19132486979166666
36,37,0.005859375,0.0,0.18800862630208331
36,38,0.005859375,0.0,0.18896484375
36,39,0.00390625,0.0,0.1790771484375
36,40,0.005859375,0.0,0.18680826822916666
36,41,0.005859375,0.0,0.18790690104166669
36,42,0.01171875,0.0,0.18178304036458331
36,43,0.005859375,0.0,0.19040934244791666
36,44,0.005859375,0.0,0.185791015625
36,45,0.0078125,0.0,0.18601481119791666
36,46,0.005859375,0.0,0.17942301432291666
36,47,0.001953125,0.0,0.184326171875
37,38,0.005859375,0.0,0.1868896484375
37,39,0.015625,0.0,0.18495686848958331
37,40,0.01171875,0.0,0.1856689453125
37,41,0.00390625,0.0,0.17576090494791666
37,42,0.00390625,0.0,0.18328857421875
37,43,0.013671875,0.0,0.18977864583333331
37,44,0.0078125,0.0,0.18125406901041666
37,45,0.005859375,0.0,0.18642171223958331
37,46,0.0078125,0.0,0.18721516927083334
37,47,0.01171875,0.0,0.18442789713541666
38,39,0.001953125,0.0,0.1846923828125
38,40,0.0078125,0.0,0.17421468098958331
38,41,0.0078125,0.0,0.17940266927083331
38,42,0.009765625,0.0,0.17513020833333331
38,43,0.009765625,0.0,0.18642171223958331
38,44,0.001953125,0.0,0.18251546223958331
38,45,0.00390625,0.0,0.18963623046875
38,46,0.01171875,0.0,0.18880208333333331
38,47,0.005859375,0.0,0.19016520182291666
39,40,0.00390625,0.0,0.18341064453125
39,41,0.00390625,0.0,0.17775472005208331
39,42,0.01171875,0.0,0.19637044270833331
39,43,0.0078125,0.0,0.18802897135416669
39,44,0.005859375,0.0,0.18398030598958331
39,45,0.00390625,0.0,0.18652343749999997
39,46,0.0078125,0.0,0.1881103515625
39,47,0.0078125,0.0,0.19138590494791666
40,41,0.009765625,0.0,0.18798828125
40,42,0.00390625,0.0,0.17989095052083334
40,43,0.0078125,0.0,0.1793212890625
40,44,0.00390625,0.0,0.19022623697916666
40,45,0.009765625,0.0,0.19246419270833331
40,46,0.015625,0.0,0.19169108072916669
40,47,0.009765625,0.0,0.18743896484375
41,42,0.005859375,0.0,0.18113199869791669
41,43,0.013671875,0.0,0.17732747395833331
41,44,0.0078125,0.0,0.18143717447916666
41,45,0.0078125,0.0,0.18499755859375
41,46,0.0078125,0.0,0.18174235026041666
41,47,0.001953125,0.0,0.19073486328125
42,43,0.009765625,0.0,0.19065348307291669
42,44,0.01171875,0.0,0.182373046875
42,45,0.00390625,0.0,0.1763916015625
42,46,0.00390625,0.0,0.18159993489583331
42,47,0.005859375,0.0,0.18839518229166666
43,44,0.01953125,0.0,0.18475341796875
43,45,0.009765625,0.0,0.18465169270833334
43,46,0.001953125,0.0,0.18522135416666666
43,47,0.009765625,0.0,0.18947347005208331
44,45,0.001953125,0.0,0.1849365234375
44,46,0.009765625,0.0,0.18886311848958331
44,47,0.009765625,0.0,0.19038899739583331
45,46,0.00390625,0.0,0.1859130859375
45,47,0.001953125,0.0,0.184814453125
46,47,0.009765625,0.0,0.18532307942708334
